timestamp,title,source
2026-08-24 19:38:47,"Gold (XAUUSD) Price Forecast: Gold Eyes $4772.17 to $4968.06 Ahead of PCE and Warsh","FXEmpire"
2026-08-24 19:38:47,"Gold Price Analysis: XAU/USD Clears $4,605 on the Debasement Trade","Investing.com"
2026-08-24 19:38:47,"OANDA:XAUUSD Chart Image by GOLD-CONQUERORS","TradingView"
2026-08-24 19:38:47,"Gold Price Forecast: XAU/USD rally persists despite stretched RSI","FXStreet"
2026-08-24 19:38:47,"XAU/USD Outlook: Gold Rally Faces Reversal Test Ahead of CPI","FOREX.com"
2026-08-24 19:38:47,"Gold Price Forecast: Can a Weaker Dollar Push XAU/USD Towards $5,000?","Mitrade"
2026-08-24 19:38:47,"Technical analysis of US Crude, XAUUSD and EURUSD for Today (August 24, 2026)","LiteFinance"
2026-08-24 19:38:47,"Gold Price Forecast: Gold Returns to $4,600, Is the Bull Market Back?","TradingKey"
2026-08-24 19:38:47,"Gold hits three-month high as softer US inflation tempers Fed bets, Iran risks linger","VT Markets"
2026-08-24 19:38:47,"Gold Extends Rally as Treasury Buyback Plan Pressures Dollar","TradingPedia"
2026-08-24 19:38:47,"Gold Breaks $4,600: XAU/USD Bulls Eye $4,659 as Dollar Weakness Deepens","FXLeaders"
2026-08-24 19:38:47,"Gold price forecast: Why 4,432 could decide whether the bullish move extends","investingLive"
2026-08-24 19:38:47,"Gold (XAUUSD) Price Forecast: Gold Breakout Clears 200-Day as Dollar Sinks","FXEmpire"
